row_id,prediction,timestamp,status
0,yes,2026-09-06T09:02:40.482395+00:00,success
1,no,2026-09-06T09:02:40.494409+00:00,success
2,yes,2026-09-06T09:02:40.504522+00:00,success
3,no,2026-09-06T09:02:40.529409+00:00,success
4,yes,2026-09-06T09:02:40.538909+00:00,success
5,yes,2026-09-06T09:02:40.570002+00:00,success
6,no,2026-09-06T09:02:40.582647+00:00,success
7,yes,2026-09-06T09:02:40.594614+00:00,success
8,yes,2026-09-06T09:02:40.604889+00:00,success
9,yes,2026-09-06T09:02:40.634880+00:00,success
10,yes,2026-09-06T09:02:40.664939+00:00,success
11,no,2026-09-06T09:02:40.675240+00:00,success
12,yes,2026-09-06T09:02:40.683997+00:00,success
13,no,2026-09-06T09:02:40.693100+00:00,success
14,no,2026-09-06T09:02:40.702453+00:00,success
15,yes,2026-09-06T09:02:40.730980+00:00,success
16,yes,2026-09-06T09:02:40.742132+00:00,success
17,yes,2026-09-06T09:02:40.773493+00:00,success
18,no,2026-09-06T09:02:40.783351+00:00,success
19,no,2026-09-06T09:02:40.793601+00:00,success
20,yes,2026-09-06T09:02:40.803316+00:00,success
21,no,2026-09-06T09:02:40.830313+00:00,success
22,no,2026-09-06T09:02:40.841191+00:00,success
23,yes,2026-09-06T09:02:40.871065+00:00,success
24,yes,2026-09-06T09:02:40.882267+00:00,success
25,no,2026-09-06T09:02:40.891510+00:00,success
26,no,2026-09-06T09:02:40.901531+00:00,success
27,yes,2026-09-06T09:02:40.930723+00:00,success
28,yes,2026-09-06T09:02:40.941281+00:00,success
29,no,2026-09-06T09:02:40.971805+00:00,success
30,yes,2026-09-06T09:02:40.982882+00:00,success
31,yes,2026-09-06T09:02:40.992551+00:00,success
32,no,2026-09-06T09:02:41.002374+00:00,success
33,yes,2026-09-06T09:02:41.029238+00:00,success
34,yes,2026-09-06T09:02:41.040194+00:00,success
35,no,2026-09-06T09:02:41.069189+00:00,success
36,no,2026-09-06T09:02:41.079127+00:00,success
37,yes,2026-09-06T09:02:41.089893+00:00,success
38,yes,2026-09-06T09:02:41.099889+00:00,success
39,yes,2026-09-06T09:02:41.129946+00:00,success
40,yes,2026-09-06T09:02:41.141166+00:00,success
41,yes,2026-09-06T09:02:41.170781+00:00,success
42,no,2026-09-06T09:02:41.182232+00:00,success
43,yes,2026-09-06T09:02:41.193085+00:00,success
44,no,2026-09-06T09:02:41.204056+00:00,success
45,yes,2026-09-06T09:02:41.233047+00:00,success
46,yes,2026-09-06T09:02:41.263932+00:00,success
47,yes,2026-09-06T09:02:41.274415+00:00,success
48,no,2026-09-06T09:02:41.284334+00:00,success
49,yes,2026-09-06T09:02:41.294353+00:00,success
50,no,2026-09-06T09:02:41.303853+00:00,success
51,yes,2026-09-06T09:02:41.335232+00:00,success
52,yes,2026-09-06T09:02:41.364232+00:00,success
53,no,2026-09-06T09:02:41.374065+00:00,success
54,no,2026-09-06T09:02:41.382963+00:00,success
55,no,2026-09-06T09:02:41.393134+00:00,success
56,no,2026-09-06T09:02:41.402455+00:00,success
57,no,2026-09-06T09:02:41.431781+00:00,success
58,yes,2026-09-06T09:02:41.467444+00:00,success
59,no,2026-09-06T09:02:41.478397+00:00,success
60,no,2026-09-06T09:02:41.489214+00:00,success
61,no,2026-09-06T09:02:41.499734+00:00,success
62,yes,2026-09-06T09:02:41.527440+00:00,success
63,yes,2026-09-06T09:02:41.538167+00:00,success
64,yes,2026-09-06T09:02:41.568563+00:00,success
65,yes,2026-09-06T09:02:41.579809+00:00,success
66,yes,2026-09-06T09:02:41.589097+00:00,success
67,yes,2026-09-06T09:02:41.598145+00:00,success
68,yes,2026-09-06T09:02:41.626727+00:00,success
69,yes,2026-09-06T09:02:41.636306+00:00,success
70,yes,2026-09-06T09:02:41.665137+00:00,success
71,yes,2026-09-06T09:02:41.675207+00:00,success
72,yes,2026-09-06T09:02:41.684235+00:00,success
73,yes,2026-09-06T09:02:41.692986+00:00,success
74,no,2026-09-06T09:02:41.702528+00:00,success
75,yes,2026-09-06T09:02:41.730052+00:00,success
76,yes,2026-09-06T09:02:41.740802+00:00,success
77,no,2026-09-06T09:02:41.769021+00:00,success
78,yes,2026-09-06T09:02:41.779316+00:00,success
79,no,2026-09-06T09:02:41.788248+00:00,success
80,yes,2026-09-06T09:02:41.797706+00:00,success
81,no,2026-09-06T09:02:41.828389+00:00,success
82,yes,2026-09-06T09:02:41.838416+00:00,success
83,yes,2026-09-06T09:02:41.868793+00:00,success
84,yes,2026-09-06T09:02:41.882285+00:00,success
85,no,2026-09-06T09:02:41.891840+00:00,success
86,yes,2026-09-06T09:02:41.903123+00:00,success
87,yes,2026-09-06T09:02:41.934376+00:00,success
88,no,2026-09-06T09:02:41.945261+00:00,success
89,yes,2026-09-06T09:02:41.972790+00:00,success
90,no,2026-09-06T09:02:41.983044+00:00,success
91,yes,2026-09-06T09:02:41.994038+00:00,success
92,yes,2026-09-06T09:02:42.005176+00:00,success
93,yes,2026-09-06T09:02:42.032197+00:00,success
94,no,2026-09-06T09:02:42.042013+00:00,success
95,yes,2026-09-06T09:02:42.074248+00:00,success
96,no,2026-09-06T09:02:42.084569+00:00,success
97,no,2026-09-06T09:02:42.097427+00:00,success
98,yes,2026-09-06T09:02:42.107117+00:00,success
99,no,2026-09-06T09:02:42.131056+00:00,success
